{"val_error":0.20992595557334404,"final_val_accuracy":0.790074044426656,"_timestamp":1.7532000187939975e+09,"train_class_distribution":{"0":1940,"2":15794,"1":2254},"val_size":4997,"val_class_distribution":{"0":485,"1":564,"2":3948},"num_classes":5,"test_error":0.2097850259451446,"val_accuracy":0.790074044426656,"epoch":3,"test_accuracy":0.7902149740548554,"test_size":12141,"train_size":19988,"_step":10,"_wandb":{"runtime":344},"train_loss":416.8337699174881,"_runtime":344}