{"val_accuracy":0.790074044426656,"epoch":3,"_runtime":402,"_timestamp":1.7532798788475475e+09,"train_loss":411.90134014189243,"final_val_accuracy":0.790074044426656,"train_class_distribution":{"0":1940,"1":2254,"2":15794},"test_error":0.2097850259451446,"val_class_distribution":{"0":485,"1":564,"2":3948},"_step":9,"val_error":0.20992595557334404,"test_accuracy":0.7902149740548554,"_wandb":{"runtime":402},"train_accuracy":0.7901741044626776}